timestamp	unit	decision	rationale	evidence	result
2026-10-07	framing	Port 1.16.5 -> 1.12.2 server-side-only, Java coremod replaces JS coremods	Forge 1.12.2 has no coremods.json/ASMAPI; upstream JS transformers cannot run	branch 1221 survey report	VERIFIED
2026-10-07	unit1	JDK = Azul Zulu 8.0.504 aarch64 tarball in ~/.local/jdk	No JVM installed; FG 2.3 requires JDK 8; tarball avoids admin rights	~/.local/jdk/zulu8.96.0.205.../Contents/Home/bin/java -version = 1.8.0_504	VERIFIED
2026-10-07	unit1	build.gradle rewritten for ForgeGradle 2.3-SNAPSHOT	FG3 is 1.13+; 1.12.2 toolchain is FG2.3 + stable_39 mappings	maven.minecraftforge.net hosts FG 2.3-SNAPSHOT jar	VERIFIED
2026-10-07	unit1	Plugin id net.minecraftforge.gradle.forge (not net.minecraftforge.gradle)	FG 2.x registers the forge plugin under its own id	jar META-INF/gradle-plugins/net.minecraftforge.gradle.forge.properties	VERIFIED
2026-10-07	unit1	runServer configured as JavaExec task, not minecraft.runs	FG 2.3 ForgeExtension has no runs(); UserBasePlugin creates runServer/runClient as JavaExec	gradle error "Could not find method runs()" then green config	VERIFIED
2026-10-07	unit1	userdev jar synthesized from universal+installer; upstream purged it	from 2023 purge left only universal+repacked-installer; binpatches+AT+version.json all survive inside those	etc/buildscripts/gen-userdev.sh; setupCiWorkspace BUILD SUCCESSFUL; forgeBin jar has 3344 MC + 1510 Forge classes	VERIFIED
2026-10-07	unit2-3	GenMergedPatches synthesizes binpatch/merged/* from universal client/server patches	TaskApplyBinPatches pattern-matches binpatch/merged/ only; universal ships binpatch/{client,server}/	1145 merged patches apply with valid checksums; ItemStack.getItem recursion gone	VERIFIED
2026-10-07	unit2-3	exists=false patches for classes present in merged become exists=true merged patches targeting patch-from-empty result	standard dev replaces merged entry with unannotated created class; keeping MergeJars @SideOnly(CLIENT) copy makes SideTransformer abort server on Block$1/canSustainPlant	308 overrides; server boots past worldgen	VERIFIED
2026-10-07	unit2-3	exists=false patches for classes absent from merged inject into classes.jar with MD-mapping interface renames	TaskApplyBinPatches appends classes.jar entries not present in merged jar	Item$22 apply() resolves; no AbstractMethodError	VERIFIED
2026-10-07	unit2-3	runServer reaches Done (7.5s) with MCMT coremod active	end-to-end toolchain + coremod harness verified	Done (7.552s)! + MCMT coremod transformer active in run log	VERIFIED
2026-10-07	unit4	ASMHookTerminator ported to 1.12 types (WorldServer/Entity.onUpdate/phaser await-in-preTick)	1.16 ServerWorld/BooleanSupplier/ITickable-TE shapes do not exist on 1.12; await-at-next-tick avoids fragile postTick insertion into runTick	returns green compile; runServer boots with MCMT-Pool threads live	VERIFIED
2026-10-07	unit4	MinecraftServer.updateTimeLightAndEntities patched: preTick + WorldServer.tick call-site -> callTick	worldparallel.js equivalent; SRG func_71190_q / func_73028_a from forgeBin scan	log "Patched MinecraftServer: preTick + 1 world tick dispatch site(s)"	VERIFIED
2026-10-07	unit4	TE parallel hook deferred: 1.12 has no central TileEntity tick loop	forgeBin-wide ASM scan found zero callers of any TileEntity update()/onUpdate(); TEs dispatch per-block via scheduled ticks	jar-wide ASM scan (T3-T11)	OPEN
2026-10-07	unit5	entity parallel hook: World.updateEntities (SRG func_72939_s) Entity.onUpdate site -> callEntityTick	per-entity distance/culling checks stay server-side, only onUpdate dispatches; same shape as 1.16 entityparallel.js	log "Patched World: 1 entity tick dispatch site(s)"; 60s run clean	VERIFIED
2026-10-07	unit6	TE parallel hook resolved: 1.12 TEs implement ITickable individually (e.g. TileEntityFurnace); World.updateEntities tickableTileEntities loop calls ((ITickable)te).update()	call-site replace checkcast+invokeinterface with callTileEntityTick(te,world); fallback path casts back to ITickable	compileJava green; runServer boots, "1 TE tick dispatch site(s)", clean until an unrelated macOS eawt quit event killed the JVM	VERIFIED	
2026-10-07	unit7	env parallel hook: WorldServer.updateBlocks per-chunk loop body extracted via ASM into synthetic mcmt$tickEnvChunk(Chunk,IZZ)V; loop dispatches callEnvTick(WorldServer,Chunk,izz) with ChunkLock radius-1	per-chunk granularity matches 1.16 envparallel; profiler calls redirected to profSection/profEnd no-ops (shared stack not thread-safe); stale FrameNodes dropped, COMPUTE_FRAMES writer with LaunchClassLoader-aware getCommonSuperClass	runServer boots Done (1.3s), all four patch logs, 4min soak zero exceptions	VERIFIED
2026-10-07	unit8	stats command wiring: /mcmt stats shows pool size, in-flight worlds/ents/tes/envs, avg tick ms; tick-time recording moved to preTick await; dead postTick deleted	tick timing must live where the await happens now	compileJava green; runServer 115s+ clean (preTick runs every tick)	VERIFIED
2026-10-07	unit9	crash-report integration: DedicatedServer.addServerInfoToCrashReport (func_71230_b) entry inserts getCategory().addCrashSection("MCMT", populateCrashReport())	populateCrashReport string verified standalone; hook application verified via patch log; full crash path not force-triggered	runServer logs "Patched DedicatedServer: crash-report integration"; harness prints config block	VERIFIED
2026-10-07	unit10	soak run: ~30min idle server with all four hooks active, stats command exercised via stdin pipe	stdin pipe works once per launch (cat EOF after first write)	jstack clean (no deadlock, pool idle), 0 exceptions, server thread healthy	VERIFIED
